INSERT INTO dbo.tai_khoan (ma_tai_khoan, ten_dang_nhap, mat_khau)
VALUES
('TK20260405220220887', 'levents', 'h$c4122005'),
('TK20260405220220888', 'user02', 'hash02'),
('TK20260405220220889', 'user03', 'hash03'),
('TK20260405220220890', 'user04', 'hash04'),
('TK20260405220220891', 'user05', 'hash05'),
('TK20260405220220892', 'user06', 'hash06'),
('TK20260405220220893', 'user07', 'hash07'),
('TK20260405220220894', 'user08', 'hash08'),
('TK20260405220220895', 'user09', 'hash09'),
('TK20260405220220896', 'user10', 'hash10'),
('TK20260405220220897', 'user11', 'hash11'),
('TK20260405220220898', 'user12', 'hash12'),
('TK20260405220220899', 'user13', 'hash13'),
('TK20260405220220900', 'user14', 'hash14'),
('TK20260405220220901', 'user15', 'hash15'),
('TK20260405220220902', 'user16', 'hash16'),
('TK20260405220220903', 'user17', 'hash17'),
('TK20260405220220904', 'user18', 'hash18'),
('TK20260405220220905', 'user19', 'hash19'),
('TK20260405220220906', 'user20', 'hash20');
GO

INSERT INTO dbo.nhan_vien
(ma_nhan_vien, ma_tai_khoan, ho_ten, ngay_sinh, dia_chi, so_dien_thoai, email, chuc_vu, phong_ban, trang_thai)
VALUES
('NV001', 'TK20260405220220887', N'Nguyễn Hoàng Nam', '1985-05-15', N'123 Lê Lợi, Quận 1, TP.HCM', '0901234567', 'nam.nh@winmart.com.vn', N'Giam doc', N'Ban quan ly', 'ACTIVE'),
('NV002', 'TK20260405220220888', N'Trần Thị Thu Hà', '1988-10-20', N'456 Nguyễn Huệ, Quận 1, TP.HCM', '0902345678', 'ha.ttt@winmart.com.vn', N'Quan ly cua hang', N'Ban quan ly', 'ACTIVE'),
('NV003', 'TK20260405220220889', N'Lê Văn Bình', '1992-03-12', N'789 Cách Mạng Tháng 8, Quận 3, TP.HCM', '0903456789', 'binh.lv@winmart.com.vn', N'Nhan vien', N'Ban hang', 'ACTIVE'),
('NV004', 'TK20260405220220890', N'Phạm Minh Đức', '1990-07-25', N'101 Hai Bà Trưng, Quận 1, TP.HCM', '0904567890', 'duc.pm@winmart.com.vn', N'Nhan vien', N'Ke toan', 'ACTIVE'),
('NV005', 'TK20260405220220891', N'Hoàng Thị Lan', '1993-11-05', N'202 Lý Tự Trọng, Quận 1, TP.HCM', '0905678901', 'lan.ht@winmart.com.vn', N'Quan ly cua hang', N'Ban quan ly', 'ACTIVE'),
('NV006', 'TK20260405220220892', N'Vũ Anh Tuấn', '1995-01-30', N'303 Võ Văn Tần, Quận 3, TP.HCM', '0906789012', 'tuan.va@winmart.com.vn', N'Nhan vien', N'Kho', 'ACTIVE'),
('NV007', 'TK20260405220220893', N'Đặng Thanh Thủy', '1997-09-18', N'404 Điện Biên Phủ, Quận Bình Thạnh, TP.HCM', '0907890123', 'thuy.dt@winmart.com.vn', N'Nhan vien', N'Ban hang', 'ACTIVE'),
('NV008', 'TK20260405220220894', N'Bùi Quang Vinh', '1994-06-22', N'505 Phan Đăng Lưu, Quận Phú Nhuận, TP.HCM', '0908901234', 'vinh.bq@winmart.com.vn', N'Nhan vien', N'Ban hang', 'ACTIVE'),
('NV009', 'TK20260405220220895', N'Ngô Mỹ Linh', '1996-04-14', N'606 Lê Quang Định, Quận Gò Vấp, TP.HCM', '0909012345', 'linh.nm@winmart.com.vn', N'Nhan vien', N'Ke toan', 'ACTIVE'),
('NV010', 'TK20260405220220896', N'Đỗ Minh Tâm', '1991-12-08', N'707 Nguyễn Kiệm, Quận Phú Nhuận, TP.HCM', '0902123456', 'tam.dm@winmart.com.vn', N'Nhan vien', N'Kho', 'ACTIVE'),
('NV011', 'TK20260405220220897', N'Trịnh Xuân Hùng', '1998-02-28', N'808 Cộng Hòa, Quận Tân Bình, TP.HCM', '0903234567', 'hung.tx@winmart.com.vn', N'Nhan vien', N'Ban hang', 'ACTIVE'),
('NV012', 'TK20260405220220898', N'Lý Thu Thảo', '1999-08-15', N'909 Trường Chinh, Quận Tân Bình, TP.HCM', '0904345678', 'thao.lt@winmart.com.vn', N'Nhan vien', N'Ban hang', 'ACTIVE'),
('NV013', 'TK20260405220220899', N'Hồ Văn Cường', '1995-10-10', N'111 Âu Cơ, Quận 11, TP.HCM', '0905456789', 'cuong.hv@winmart.com.vn', N'Nhan vien', N'Kho', 'ACTIVE'),
('NV014', 'TK20260405220220900', N'Phan Hồng Ngọc', '1993-03-25', N'222 Lãnh Binh Thăng, Quận 11, TP.HCM', '0906567890', 'ngoc.ph@winmart.com.vn', N'Nhan vien', N'Ke toan', 'ACTIVE'),
('NV015', 'TK20260405220220901', N'Dương Chí Thành', '1997-05-30', N'333 Ba Tháng Hai, Quận 10, TP.HCM', '0907678901', 'thanh.dc@winmart.com.vn', N'Nhan vien', N'Ban hang', 'ACTIVE'),
('NV016', 'TK20260405220220902', N'Mai Phương Thúy', '1992-07-12', N'444 Sư Vạn Hạnh, Quận 10, TP.HCM', '0908789012', 'thuy.mp@winmart.com.vn', N'Nhan vien', N'Ban hang', 'ACTIVE'),
('NV017', 'TK20260405220220903', N'Nguyễn Tiến Dũng', '1994-11-22', N'555 Nguyễn Trãi, Quận 5, TP.HCM', '0909890123', 'dung.nt@winmart.com.vn', N'Nhan vien', N'Kho', 'ACTIVE'),
('NV018', 'TK20260405220220904', N'Lê Thị Hương', '1996-01-05', N'666 Trần Hưng Đạo, Quận 5, TP.HCM', '0901901234', 'huong.lt@winmart.com.vn', N'Nhan vien', N'Ke toan', 'ACTIVE'),
('NV019', 'TK20260405220220905', N'Trần Văn Khoa', '1998-06-18', N'777 Hậu Giang, Quận 6, TP.HCM', '0902012345', 'khoa.tv@winmart.com.vn', N'Nhan vien', N'Ban hang', 'ACTIVE'),
('NV020', 'TK20260405220220906', N'Phạm Thu Trang', '1999-09-30', N'888 Kinh Dương Vương, Quận 6, TP.HCM', '0903123456', 'trang.pt@winmart.com.vn', N'Nhan vien', N'Ban hang', 'INACTIVE');
GO

INSERT INTO dbo.nha_cung_cap (ma_nha_cung_cap, ten_nha_cung_cap, so_dien_thoai, dia_chi, email)
VALUES
('NCC001', N'Công ty Cổ phần Sữa Việt Nam (Vinamilk)', '02839157329', N'10 Tân Trào, Quận 7, TP.HCM', 'info@vinamilk.com.vn'),
('NCC002', N'Tập đoàn Masan', '02862563862', N'Nguyễn Huệ, Quận 1, TP.HCM', 'info@masangroup.com'),
('NCC003', N'Công ty TNHH Unilever Việt Nam', '02838236651', N'KCN Tây Bắc Củ Chi, TP.HCM', 'tuvankhachhang@unilever.com'),
('NCC004', N'Công ty TNHH P&G Việt Nam', '02838219150', N'Diamond Plaza, Quận 1, TP.HCM', 'pgvietnam@pg.com'),
('NCC005', N'Tập đoàn TH (TH True Milk)', '02435733333', N'Nghĩa Đàn, Nghệ An', 'chamsockhachhang@thmilk.vn'),
('NCC006', N'Công ty CP Acecook Việt Nam', '02838154064', N'KCN Tân Bình, TP.HCM', 'info@acecookvietnam.com'),
('NCC007', N'Công ty Suntory PepsiCo Việt Nam', '02838219437', N'Quận 1, TP.HCM', 'info@suntorypepsico.vn'),
('NCC008', N'Công ty TNHH Nestlé Việt Nam', '02839113737', N'KCN Biên Hòa 2, Đồng Nai', 'consumer.services@vn.nestle.com'),
('NCC009', N'Công ty CP Diana Unicharm', '02436445758', N'KCN Vĩnh Tuy, Hà Nội', 'info@dianavic.com'),
('NCC010', N'Công ty CP Thực phẩm Cholimex', '02838753237', N'KCN Vĩnh Lộc, TP.HCM', 'cholimexfood@cholimexfood.com.vn'),
('NCC011', N'Công ty TNHH Ajinomoto Việt Nam', '02839250265', N'KCN Biên Hòa 1, Đồng Nai', 'contact@ajinomoto.com.vn'),
('NCC012', N'Công ty TNHH FrieslandCampina Việt Nam', '02743748491', N'Thuận An, Bình Dương', 'info@frieslandcampina.com'),
('NCC013', N'Công ty CP Tập đoàn KIDO', '02838270468', N'Quận 1, TP.HCM', 'info@kido.vn'),
('NCC014', N'Công ty TNHH Nhà Máy Bia Heineken Việt Nam', '02838222755', N'Quận 1, TP.HCM', 'heinekenvietnam@heineken.com'),
('NCC015', N'Công ty CP Chăn nuôi C.P. Việt Nam', '02513836251', N'KCN Biên Hòa 2, Đồng Nai', 'cp-vietnam@cp.com.vn'),
('NCC016', N'Công ty CP Trung Nguyên', '02839251859', N'Quận 3, TP.HCM', 'info@trungnguyen.com.vn'),
('NCC017', N'Công ty TNHH Nước Giải Khát Coca-Cola Việt Nam', '02838961000', N'Thủ Đức, TP.HCM', 'info@coca-cola.vn'),
('NCC018', N'Công ty CP Mỹ phẩm Sài Gòn', '02838778899', N'KCN Cát Lái, TP.HCM', 'info@saigoncosmetic.com'),
('NCC019', N'Công ty CP Bánh kẹo Kinh Đô', '02838270838', N'Quận 1, TP.HCM', 'info@kinhdo.vn'),
('NCC020', N'Tổng Công ty Giấy Việt Nam', '02438257343', N'Hà Nội', 'info@vinapaco.com.vn');
GO

INSERT INTO dbo.danh_muc_san_pham (ma_danh_muc, ten_danh_muc)
VALUES
('DM001', N'Thực phẩm tươi sống'),
('DM002', N'Đồ uống các loại'),
('DM003', N'Sữa và các sản phẩm từ sữa'),
('DM004', N'Bánh kẹo và ăn vặt'),
('DM005', N'Gia vị và Đồ khô'),
('DM006', N'Hóa mỹ phẩm'),
('DM007', N'Đồ gia dụng'),
('DM008', N'Chăm sóc cá nhân'),
('DM009', N'Mẹ và Bé'),
('DM010', N'Thời trang'),
('DM011', N'Đồ dùng học tập'),
('DM012', N'Điện gia dụng nhỏ'),
('DM013', N'Trái cây nhập khẩu'),
('DM014', N'Rau củ hữu cơ'),
('DM015', N'Thịt và Hải sản'),
('DM016', N'Đồ đông lạnh'),
('DM017', N'Bánh mì và Bánh ngọt'),
('DM018', N'Sản phẩm chăm sóc thú cưng'),
('DM019', N'Rượu và Đồ uống có cồn'),
('DM020', N'Thực phẩm chức năng');
GO

INSERT INTO dbo.san_pham
(ma_san_pham, ma_danh_muc, ten_san_pham, gia_nhap, gia_ban, so_luong_ton, mo_ta_san_pham)
VALUES
('SP001', 'DM015', N'Thịt Ba Rọi Heo CP 500g', 85000.00, 110000.00, 50, N'Thịt heo sạch chuẩn VietGAP'),
('SP002', 'DM003', N'Sữa Tươi Tiệt Trùng Vinamilk 1L', 28000.00, 35000.00, 100, N'Sữa tươi nguyên chất 100%'),
('SP003', 'DM002', N'Nước Giải Khát Coca-Cola 1.5L', 15000.00, 19500.00, 200, N'Nước ngọt có gas giải nhiệt'),
('SP004', 'DM006', N'Bột Giặt Omo Comfort 3kg', 145000.00, 180000.00, 30, N'Giặt sạch vết bẩn cứng đầu'),
('SP005', 'DM004', N'Bánh Chocopie Orion Hộp 12 Cái', 42000.00, 55000.00, 80, N'Bánh kem socola thơm ngon'),
('SP006', 'DM005', N'Dầu Ăn Neptune Light 2L', 95000.00, 125000.00, 45, N'Dầu ăn tốt cho tim mạch'),
('SP007', 'DM001', N'Trứng Gà Ta Ba Huân Hộp 10 Quả', 28000.00, 36000.00, 150, N'Trứng gà sạch kiểm dịch'),
('SP008', 'DM008', N'Dầu Gội Head & Shoulders 625ml', 135000.00, 170000.00, 25, N'Sạch gàu sảng khoái'),
('SP009', 'DM005', N'Gạo ST25 Túi 5kg', 160000.00, 195000.00, 60, N'Gạo ngon nhất thế giới'),
('SP010', 'DM002', N'Bia Heineken Lon 330ml (Thùng 24)', 380000.00, 435000.00, 20, N'Bia cao cấp nhập khẩu'),
('SP011', 'DM003', N'Sữa Bột Abbott Grow 4 900g', 315000.00, 385000.00, 15, N'Dinh dưỡng cho trẻ phát triển'),
('SP012', 'DM004', N'Mì Hảo Hảo Chua Cay Thùng 30 Gói', 95000.00, 115000.00, 40, N'Mì ăn liền quốc dân'),
('SP013', 'DM006', N'Nước Rửa Chén Sunlight Chanh 3.6kg', 98000.00, 125000.00, 35, N'Sạch bóng vết dầu mỡ'),
('SP014', 'DM013', N'Táo Envy Mỹ Size L (Kg)', 185000.00, 245000.00, 25, N'Táo giòn ngọt nhập khẩu'),
('SP015', 'DM014', N'Bắp Cải Đà Lạt (Kg)', 12000.00, 18000.00, 100, N'Rau tươi sạch từ vườn'),
('SP016', 'DM008', N'Kem Đánh Răng P/S Ngừa Sâu Răng 240g', 28000.00, 38000.00, 120, N'Bảo vệ răng miệng 24h'),
('SP017', 'DM007', N'Chảo Chống Dính Sunhouse 24cm', 115000.00, 165000.00, 15, N'Hàng gia dụng chất lượng cao'),
('SP018', 'DM015', N'Cá Hồi Phi Lê Tươi (200g)', 125000.00, 175000.00, 10, N'Hải sản nhập khẩu giàu Omega-3'),
('SP019', 'DM009', N'Tã Dán Bobby Size M 76 Miếng', 265000.00, 325000.00, 20, N'Tã giấy cao cấp cho bé'),
('SP020', 'DM005', N'Nước Mắm Chinsu Cá Hồi 500ml', 38000.00, 48000.00, 90, N'Gia vị đậm đà bữa cơm');
GO

INSERT INTO dbo.giam_gia
(ma_giam_gia, phan_tram_giam, so_tien_giam, so_luong_su_dung, ngay_bat_dau, ngay_ket_thuc, trang_thai)
VALUES
('GG001', 0.00, 5000.00, 10, '2026-01-01 00:00:00', '2026-12-31 23:59:59', 'ACTIVE'),
('GG002', 0.00, 7000.00, 15, '2026-01-01 00:00:00', '2026-12-31 23:59:59', 'ACTIVE'),
('GG003', 0.00, 8000.00, 12, '2026-01-01 00:00:00', '2026-12-31 23:59:59', 'ACTIVE'),
('GG004', 0.00, 9000.00, 9, '2026-01-01 00:00:00', '2026-12-31 23:59:59', 'ACTIVE'),
('GG005', 0.00, 10000.00, 8, '2026-01-01 00:00:00', '2026-12-31 23:59:59', 'ACTIVE'),
('GG006', 0.00, 11000.00, 7, '2026-01-01 00:00:00', '2026-12-31 23:59:59', 'ACTIVE'),
('GG007', 0.00, 12000.00, 6, '2026-01-01 00:00:00', '2026-12-31 23:59:59', 'ACTIVE'),
('GG008', 0.00, 13000.00, 5, '2026-01-01 00:00:00', '2026-12-31 23:59:59', 'ACTIVE'),
('GG009', 0.00, 14000.00, 4, '2026-01-01 00:00:00', '2026-12-31 23:59:59', 'ACTIVE'),
('GG010', 0.00, 15000.00, 3, '2026-01-01 00:00:00', '2026-12-31 23:59:59', 'ACTIVE'),
('GG011', 5.00, 0.00, 20, '2026-01-01 00:00:00', '2026-12-31 23:59:59', 'INACTIVE'),
('GG012', 10.00, 0.00, 18, '2026-01-01 00:00:00', '2026-12-31 23:59:59', 'INACTIVE'),
('GG013', 15.00, 0.00, 16, '2026-01-01 00:00:00', '2026-12-31 23:59:59', 'INACTIVE'),
('GG014', 20.00, 0.00, 14, '2026-01-01 00:00:00', '2026-12-31 23:59:59', 'INACTIVE'),
('GG015', 25.00, 0.00, 12, '2026-01-01 00:00:00', '2026-12-31 23:59:59', 'INACTIVE'),
('GG016', 0.00, 5000.00, 11, '2025-01-01 00:00:00', '2025-12-31 23:59:59', 'EXPIRED'),
('GG017', 0.00, 6000.00, 10, '2025-01-01 00:00:00', '2025-12-31 23:59:59', 'EXPIRED'),
('GG018', 0.00, 7000.00, 9, '2025-01-01 00:00:00', '2025-12-31 23:59:59', 'EXPIRED'),
('GG019', 0.00, 8000.00, 8, '2025-01-01 00:00:00', '2025-12-31 23:59:59', 'EXPIRED'),
('GG020', 0.00, 9000.00, 7, '2025-01-01 00:00:00', '2025-12-31 23:59:59', 'EXPIRED');
GO

INSERT INTO dbo.khach_hang (ma_khach_hang, ten_khach_hang, so_dien_thoai, dia_chi)
VALUES
('KH001', N'Nguyễn Văn An', '0912345678', N'12 Lê Lợi, TP.HCM'),
('KH002', N'Trần Thị Bình', '0923456789', N'34 Nguyễn Huệ, TP.HCM'),
('KH003', N'Lê Văn Cường', '0934567890', N'56 Cách Mạng Tháng 8, TP.HCM'),
('KH004', N'Phạm Thị Dung', '0945678901', N'78 Hai Bà Trưng, TP.HCM'),
('KH005', N'Hoàng Văn Em', '0956789012', N'90 Lý Tự Trọng, TP.HCM'),
('KH006', N'Vũ Thị Phương', '0967890123', N'123 Võ Văn Tần, TP.HCM'),
('KH007', N'Đặng Văn Giang', '0978901234', N'456 Điện Biên Phủ, TP.HCM'),
('KH008', N'Bùi Thị Hạnh', '0989012345', N'789 Phan Đăng Lưu, TP.HCM'),
('KH009', N'Ngô Văn Hùng', '0990123456', N'101 Lê Quang Định, TP.HCM'),
('KH010', N'Đỗ Thị Hương', '0901234567', N'202 Nguyễn Kiệm, TP.HCM'),
('KH011', N'Trịnh Văn Ký', '0912345688', N'303 Cộng Hòa, TP.HCM'),
('KH012', N'Lý Thị Lan', '0923456799', N'404 Trường Chinh, TP.HCM'),
('KH013', N'Hồ Văn Minh', '0934567800', N'505 Âu Cơ, TP.HCM'),
('KH014', N'Phan Thị Ngọc', '0945678911', N'606 Lãnh Binh Thăng, TP.HCM'),
('KH015', N'Dương Văn Nam', '0956789022', N'707 Ba Tháng Hai, TP.HCM'),
('KH016', N'Mai Thị Oanh', '0967890133', N'808 Sư Vạn Hạnh, TP.HCM'),
('KH017', N'Nguyễn Văn Phú', '0978901244', N'909 Nguyễn Trãi, TP.HCM'),
('KH018', N'Lê Thị Quỳnh', '0989012355', N'111 Trần Hưng Đạo, TP.HCM'),
('KH019', N'Trần Văn Sơn', '0990123466', N'222 Hậu Giang, TP.HCM'),
('KH020', N'Phạm Thị Tú', '0901234577', N'333 Kinh Dương Vương, TP.HCM');
GO

INSERT INTO dbo.phieu_nhap_hang (ma_phieu_nhap, ngay_nhap, tong_tien, ma_nha_cung_cap, ma_nhan_vien)
VALUES
('PNH001', '2026-01-01 09:00:00', 525000.00, 'NCC001', 'NV001'),
('PNH002', '2026-01-02 09:00:00', 550000.00, 'NCC002', 'NV002'),
('PNH003', '2026-01-03 09:00:00', 575000.00, 'NCC003', 'NV003'),
('PNH004', '2026-01-04 09:00:00', 600000.00, 'NCC004', 'NV004'),
('PNH005', '2026-01-05 09:00:00', 625000.00, 'NCC005', 'NV005'),
('PNH006', '2026-01-06 09:00:00', 650000.00, 'NCC006', 'NV006'),
('PNH007', '2026-01-07 09:00:00', 675000.00, 'NCC007', 'NV007'),
('PNH008', '2026-01-08 09:00:00', 700000.00, 'NCC008', 'NV008'),
('PNH009', '2026-01-09 09:00:00', 725000.00, 'NCC009', 'NV009'),
('PNH010', '2026-01-10 09:00:00', 750000.00, 'NCC010', 'NV010'),
('PNH011', '2026-01-11 09:00:00', 775000.00, 'NCC011', 'NV011'),
('PNH012', '2026-01-12 09:00:00', 800000.00, 'NCC012', 'NV012'),
('PNH013', '2026-01-13 09:00:00', 825000.00, 'NCC013', 'NV013'),
('PNH014', '2026-01-14 09:00:00', 850000.00, 'NCC014', 'NV014'),
('PNH015', '2026-01-15 09:00:00', 875000.00, 'NCC015', 'NV015'),
('PNH016', '2026-01-16 09:00:00', 900000.00, 'NCC016', 'NV016'),
('PNH017', '2026-01-17 09:00:00', 925000.00, 'NCC017', 'NV017'),
('PNH018', '2026-01-18 09:00:00', 950000.00, 'NCC018', 'NV018'),
('PNH019', '2026-01-19 09:00:00', 975000.00, 'NCC019', 'NV019'),
('PNH020', '2026-01-20 09:00:00', 1000000.00, 'NCC020', 'NV020'),
('PNH021', '2026-05-01 08:30:00', 1250000.00, 'NCC001', 'NV006'),
('PNH022', '2026-05-02 09:15:00', 850000.00, 'NCC005', 'NV010'),
('PNH023', '2026-05-03 10:00:00', 2100000.00, 'NCC002', 'NV013'),
('PNH024', '2026-05-04 08:45:00', 1500000.00, 'NCC003', 'NV017'),
('PNH025', '2026-05-05 09:30:00', 3200000.00, 'NCC007', 'NV006'),
('PNH026', '2026-05-06 14:00:00', 1100000.00, 'NCC010', 'NV010'),
('PNH027', '2026-05-07 08:20:00', 950000.00, 'NCC012', 'NV013'),
('PNH028', '2026-05-08 10:30:00', 2400000.00, 'NCC006', 'NV017'),
('PNH029', '2026-05-09 09:00:00', 1800000.00, 'NCC008', 'NV006'),
('PNH030', '2026-05-10 11:00:00', 1350000.00, 'NCC015', 'NV010'),
('PNH031', '2026-05-11 08:50:00', 2700000.00, 'NCC004', 'NV013'),
('PNH032', '2026-05-12 15:30:00', 1600000.00, 'NCC011', 'NV017'),
('PNH033', '2026-05-13 09:10:00', 3100000.00, 'NCC013', 'NV006'),
('PNH034', '2026-05-14 10:45:00', 1200000.00, 'NCC009', 'NV010'),
('PNH035', '2026-05-15 08:15:00', 2250000.00, 'NCC017', 'NV013'),
('PNH036', '2026-05-16 13:20:00', 1900000.00, 'NCC002', 'NV017'),
('PNH037', '2026-05-17 09:40:00', 1450000.00, 'NCC005', 'NV006'),
('PNH038', '2026-05-18 10:10:00', 2800000.00, 'NCC014', 'NV010'),
('PNH039', '2026-05-19 08:55:00', 1750000.00, 'NCC001', 'NV013'),
('PNH040', '2026-05-20 11:15:00', 1300000.00, 'NCC018', 'NV017'),
('PNH041', '2026-05-21 09:25:00', 2550000.00, 'NCC016', 'NV006'),
('PNH042', '2026-05-22 14:40:00', 1150000.00, 'NCC003', 'NV010'),
('PNH043', '2026-05-23 08:35:00', 3400000.00, 'NCC007', 'NV013'),
('PNH044', '2026-05-24 10:05:00', 2000000.00, 'NCC019', 'NV017'),
('PNH045', '2026-05-25 09:50:00', 1550000.00, 'NCC010', 'NV006'),
('PNH046', '2026-05-26 11:30:00', 2900000.00, 'NCC004', 'NV010'),
('PNH047', '2026-05-27 08:40:00', 1850000.00, 'NCC012', 'NV013'),
('PNH048', '2026-05-28 15:10:00', 1400000.00, 'NCC015', 'NV017'),
('PNH049', '2026-05-29 09:20:00', 2300000.00, 'NCC006', 'NV006'),
('PNH050', '2026-05-30 10:55:00', 1650000.00, 'NCC011', 'NV010'),
('PNH051', '2026-05-31 08:25:00', 3050000.00, 'NCC013', 'NV013');
GO

INSERT INTO dbo.chi_tiet_phieu_nhap
(ma_phieu_nhap, ma_san_pham, so_luong, gia_nhap, thanh_tien)
VALUES
('PNH001', 'SP001', 10, 52500.00, 525000.00),
('PNH002', 'SP002', 10, 55000.00, 550000.00),
('PNH003', 'SP003', 10, 57500.00, 575000.00),
('PNH004', 'SP004', 10, 60000.00, 600000.00),
('PNH005', 'SP005', 10, 62500.00, 625000.00),
('PNH006', 'SP006', 10, 65000.00, 650000.00),
('PNH007', 'SP007', 10, 67500.00, 675000.00),
('PNH008', 'SP008', 10, 70000.00, 700000.00),
('PNH009', 'SP009', 10, 72500.00, 725000.00),
('PNH010', 'SP010', 10, 75000.00, 750000.00),
('PNH011', 'SP011', 10, 77500.00, 775000.00),
('PNH012', 'SP012', 10, 80000.00, 800000.00),
('PNH013', 'SP013', 10, 82500.00, 825000.00),
('PNH014', 'SP014', 10, 85000.00, 850000.00),
('PNH015', 'SP015', 10, 87500.00, 875000.00),
('PNH016', 'SP016', 10, 90000.00, 900000.00),
('PNH017', 'SP017', 10, 92500.00, 925000.00),
('PNH018', 'SP018', 10, 95000.00, 950000.00),
('PNH019', 'SP019', 10, 97500.00, 975000.00),
('PNH020', 'SP020', 10, 100000.00, 1000000.00),
-- May 2026 Receipts Details
('PNH021', 'SP002', 45, 28000.00, 1260000.00),
('PNH022', 'SP011', 3, 315000.00, 945000.00),
('PNH023', 'SP003', 140, 15000.00, 2100000.00),
('PNH024', 'SP012', 16, 95000.00, 1520000.00),
('PNH025', 'SP010', 8, 380000.00, 3040000.00),
('PNH026', 'SP020', 29, 38000.00, 1102000.00),
('PNH027', 'SP002', 34, 28000.00, 952000.00),
('PNH028', 'SP012', 25, 95000.00, 2375000.00),
('PNH029', 'SP009', 11, 160000.00, 1760000.00),
('PNH030', 'SP001', 16, 85000.00, 1360000.00),
('PNH031', 'SP004', 19, 145000.00, 2755000.00),
('PNH032', 'SP003', 106, 15000.00, 1590000.00),
('PNH033', 'SP020', 82, 38000.00, 3116000.00),
('PNH034', 'SP005', 29, 42000.00, 1218000.00),
('PNH035', 'SP003', 150, 15000.00, 2250000.00),
('PNH036', 'SP003', 126, 15000.00, 1890000.00),
('PNH037', 'SP011', 5, 315000.00, 1575000.00),
('PNH038', 'SP010', 7, 380000.00, 2660000.00),
('PNH039', 'SP002', 63, 28000.00, 1764000.00),
('PNH040', 'SP016', 46, 28000.00, 1288000.00),
('PNH041', 'SP016', 91, 28000.00, 2548000.00),
('PNH042', 'SP012', 12, 95000.00, 1140000.00),
('PNH043', 'SP010', 9, 380000.00, 3420000.00),
('PNH044', 'SP019', 8, 265000.00, 2120000.00),
('PNH045', 'SP020', 41, 38000.00, 1558000.00),
('PNH046', 'SP004', 20, 145000.00, 2900000.00),
('PNH047', 'SP002', 66, 28000.00, 1848000.00),
('PNH048', 'SP001', 17, 85000.00, 1445000.00),
('PNH049', 'SP012', 24, 95000.00, 2280000.00),
('PNH050', 'SP011', 5, 315000.00, 1575000.00),
('PNH051', 'SP020', 80, 38000.00, 3040000.00);
GO

INSERT INTO dbo.hoa_don
(ma_hoa_don, ngay_gio_ban, tong_tien, ma_nhan_vien, ma_khach_hang, ma_giam_gia, giam_gia, thanh_tien_cuoi)
VALUES
('HD001', '2026-04-01 10:00:00', 67500.00, 'NV007', 'KH001', 'GG001', 5000.00, 62500.00),
('HD002', '2026-04-02 10:00:00', 70000.00, 'NV008', 'KH002', 'GG002', 7000.00, 63000.00),
('HD003', '2026-04-03 10:00:00', 72500.00, 'NV009', 'KH003', 'GG003', 8000.00, 64500.00),
('HD004', '2026-04-04 10:00:00', 75000.00, 'NV010', 'KH004', 'GG004', 9000.00, 66000.00),
('HD005', '2026-04-05 10:00:00', 77500.00, 'NV011', 'KH005', 'GG005', 10000.00, 67500.00),
('HD006', '2026-04-06 10:00:00', 80000.00, 'NV012', 'KH006', 'GG006', 11000.00, 69000.00),
('HD007', '2026-04-07 10:00:00', 82500.00, 'NV013', 'KH007', 'GG007', 12000.00, 70500.00),
('HD008', '2026-04-08 10:00:00', 85000.00, 'NV014', 'KH008', 'GG008', 13000.00, 72000.00),
('HD009', '2026-04-09 10:00:00', 87500.00, 'NV015', 'KH009', 'GG009', 14000.00, 73500.00),
('HD010', '2026-04-10 10:00:00', 90000.00, 'NV016', 'KH010', 'GG010', 15000.00, 75000.00),
('HD011', '2026-04-11 10:00:00', 92500.00, 'NV017', 'KH011', NULL, 0.00, 92500.00),
('HD012', '2026-04-12 10:00:00', 95000.00, 'NV018', 'KH012', NULL, 0.00, 95000.00),
('HD013', '2026-04-13 10:00:00', 97500.00, 'NV019', 'KH013', NULL, 0.00, 97500.00),
('HD014', '2026-04-14 10:00:00', 100000.00, 'NV020', 'KH014', NULL, 0.00, 100000.00),
('HD015', '2026-04-15 10:00:00', 102500.00, 'NV001', 'KH015', NULL, 0.00, 102500.00),
('HD016', '2026-04-16 10:00:00', 105000.00, 'NV002', 'KH016', NULL, 0.00, 105000.00),
('HD017', '2026-04-17 10:00:00', 107500.00, 'NV003', 'KH017', NULL, 0.00, 107500.00),
('HD018', '2026-04-18 10:00:00', 110000.00, 'NV004', 'KH018', NULL, 0.00, 110000.00),
('HD019', '2026-04-19 10:00:00', 112500.00, 'NV005', 'KH019', NULL, 0.00, 112500.00),
('HD020', '2026-04-20 10:00:00', 115000.00, 'NV006', 'KH020', NULL, 0.00, 115000.00),
-- May 2026 Invoices
('HD021', '2026-05-01 10:30:00', 150000.00, 'NV003', 'KH001', 'GG001', 5000.00, 145000.00),
('HD022', '2026-05-01 15:45:00', 85000.00, 'NV007', 'KH005', NULL, 0.00, 85000.00),
('HD023', '2026-05-02 09:20:00', 210000.00, 'NV008', 'KH002', 'GG002', 7000.00, 203000.00),
('HD024', '2026-05-02 18:10:00', 55000.00, 'NV011', 'KH010', NULL, 0.00, 55000.00),
('HD025', '2026-05-03 11:00:00', 320000.00, 'NV012', 'KH003', 'GG003', 8000.00, 312000.00),
('HD026', '2026-05-04 14:30:00', 125000.00, 'NV015', 'KH007', NULL, 0.00, 125000.00),
('HD027', '2026-05-05 10:15:00', 450000.00, 'NV016', 'KH004', 'GG005', 10000.00, 440000.00),
('HD028', '2026-05-06 16:50:00', 95000.00, 'NV019', 'KH008', NULL, 0.00, 95000.00),
('HD029', '2026-05-07 09:00:00', 275000.00, 'NV003', 'KH012', 'GG001', 5000.00, 270000.00),
('HD030', '2026-05-08 13:20:00', 180000.00, 'NV007', 'KH015', NULL, 0.00, 180000.00),
('HD031', '2026-05-09 11:45:00', 350000.00, 'NV008', 'KH006', 'GG002', 7000.00, 343000.00),
('HD032', '2026-05-10 10:10:00', 65000.00, 'NV011', 'KH018', NULL, 0.00, 65000.00),
('HD033', '2026-05-11 15:25:00', 220000.00, 'NV012', 'KH009', 'GG004', 9000.00, 211000.00),
('HD034', '2026-05-12 09:40:00', 140000.00, 'NV015', 'KH020', NULL, 0.00, 140000.00),
('HD035', '2026-05-13 17:30:00', 500000.00, 'NV016', 'KH011', 'GG006', 11000.00, 489000.00),
('HD036', '2026-05-14 11:20:00', 110000.00, 'NV019', 'KH014', NULL, 0.00, 110000.00),
('HD037', '2026-05-15 14:15:00', 290000.00, 'NV003', 'KH017', 'GG001', 5000.00, 285000.00),
('HD038', '2026-05-16 10:40:00', 75000.00, 'NV007', 'KH001', NULL, 0.00, 75000.00),
('HD039', '2026-05-17 16:00:00', 380000.00, 'NV008', 'KH005', 'GG003', 8000.00, 372000.00),
('HD040', '2026-05-18 09:30:00', 120000.00, 'NV011', 'KH002', NULL, 0.00, 120000.00),
('HD041', '2026-05-19 13:50:00', 410000.00, 'NV012', 'KH010', 'GG005', 10000.00, 400000.00),
('HD042', '2026-05-20 11:10:00', 95000.00, 'NV015', 'KH003', NULL, 0.00, 95000.00),
('HD043', '2026-05-21 15:45:00', 330000.00, 'NV016', 'KH007', 'GG002', 7000.00, 323000.00),
('HD044', '2026-05-22 10:20:00', 150000.00, 'NV019', 'KH004', NULL, 0.00, 150000.00),
('HD045', '2026-05-23 17:00:00', 600000.00, 'NV003', 'KH008', 'GG007', 12000.00, 588000.00),
('HD046', '2026-05-24 09:50:00', 85000.00, 'NV007', 'KH012', NULL, 0.00, 85000.00),
('HD047', '2026-05-25 14:30:00', 270000.00, 'NV008', 'KH015', 'GG001', 5000.00, 265000.00),
('HD048', '2026-05-26 11:40:00', 110000.00, 'NV011', 'KH006', NULL, 0.00, 110000.00),
('HD049', '2026-05-27 16:15:00', 430000.00, 'NV012', 'KH018', 'GG003', 8000.00, 422000.00),
('HD050', '2026-05-28 10:25:00', 95000.00, 'NV015', 'KH009', NULL, 0.00, 95000.00),
('HD051', '2026-05-29 13:40:00', 350000.00, 'NV016', 'KH020', 'GG002', 7000.00, 343000.00),
('HD052', '2026-05-30 09:10:00', 130000.00, 'NV019', 'KH011', NULL, 0.00, 130000.00),
('HD053', '2026-05-31 15:55:00', 520000.00, 'NV003', 'KH014', 'GG006', 11000.00, 509000.00);
GO

INSERT INTO dbo.chi_tiet_hoa_don
(ma_hoa_don, ma_san_pham, so_luong, don_gia, thanh_tien)
VALUES
('HD001', 'SP001', 1, 67500.00, 67500.00),
('HD002', 'SP002', 1, 70000.00, 70000.00),
('HD003', 'SP003', 1, 72500.00, 72500.00),
('HD004', 'SP004', 1, 75000.00, 75000.00),
('HD005', 'SP005', 1, 77500.00, 77500.00),
('HD006', 'SP006', 1, 80000.00, 80000.00),
('HD007', 'SP007', 1, 82500.00, 82500.00),
('HD008', 'SP008', 1, 85000.00, 85000.00),
('HD009', 'SP009', 1, 87500.00, 87500.00),
('HD010', 'SP010', 1, 90000.00, 90000.00),
('HD011', 'SP011', 1, 92500.00, 92500.00),
('HD012', 'SP012', 1, 95000.00, 95000.00),
('HD013', 'SP013', 1, 97500.00, 97500.00),
('HD014', 'SP014', 1, 100000.00, 100000.00),
('HD015', 'SP015', 1, 102500.00, 102500.00),
('HD016', 'SP016', 1, 105000.00, 105000.00),
('HD017', 'SP017', 1, 107500.00, 107500.00),
('HD018', 'SP018', 1, 110000.00, 110000.00),
('HD019', 'SP019', 1, 112500.00, 112500.00),
('HD020', 'SP020', 1, 115000.00, 115000.00),
-- May 2026 Invoice Details
('HD021', 'SP002', 3, 35000.00, 105000.00),
('HD021', 'SP003', 2, 19500.00, 39000.00),
('HD022', 'SP015', 5, 18000.00, 90000.00),
('HD023', 'SP001', 2, 110000.00, 220000.00),
('HD024', 'SP016', 1, 38000.00, 38000.00),
('HD025', 'SP005', 6, 55000.00, 330000.00),
('HD026', 'SP012', 1, 115000.00, 115000.00),
('HD027', 'SP008', 2, 170000.00, 340000.00),
('HD027', 'SP002', 3, 35000.00, 105000.00),
('HD028', 'SP013', 1, 125000.00, 125000.00),
('HD029', 'SP009', 1, 195000.00, 195000.00),
('HD030', 'SP006', 1, 125000.00, 125000.00),
('HD031', 'SP011', 1, 385000.00, 385000.00),
('HD032', 'SP016', 2, 38000.00, 76000.00),
('HD033', 'SP010', 1, 435000.00, 435000.00),
('HD034', 'SP012', 1, 115000.00, 115000.00),
('HD035', 'SP019', 1, 325000.00, 325000.00),
('HD035', 'SP002', 5, 35000.00, 175000.00),
('HD036', 'SP003', 6, 19500.00, 117000.00),
('HD037', 'SP001', 3, 110000.00, 330000.00),
('HD038', 'SP020', 2, 48000.00, 96000.00),
('HD039', 'SP004', 2, 180000.00, 360000.00),
('HD040', 'SP012', 1, 115000.00, 115000.00),
('HD041', 'SP014', 2, 245000.00, 490000.00),
('HD042', 'SP002', 3, 35000.00, 105000.00),
('HD043', 'SP018', 2, 175000.00, 350000.00),
('HD044', 'SP001', 2, 110000.00, 220000.00),
('HD045', 'SP011', 2, 385000.00, 770000.00),
('HD046', 'SP016', 2, 38000.00, 76000.00),
('HD047', 'SP012', 3, 115000.00, 345000.00),
('HD048', 'SP003', 5, 19500.00, 97500.00),
('HD049', 'SP019', 1, 325000.00, 325000.00),
('HD050', 'SP013', 1, 125000.00, 125000.00),
('HD051', 'SP010', 1, 435000.00, 435000.00),
('HD052', 'SP002', 4, 35000.00, 140000.00),
('HD053', 'SP014', 2, 245000.00, 490000.00);
GO
